{
    "1": {
        "Fc": 0.050003, 
        "Fo": -0.3000027, 
        "Fv": 0.0905326, 
        "I": [
            1.3183907, 
            0.0, 
            0.0, 
            3.73e-05, 
            0.0, 
            1.3183903
        ], 
        "Im": 0.0, 
        "K": 0.0, 
        "m": 6.0667823, 
        "r": [
            0.0006075, 
            0.0, 
            0.0121153
        ]
    }, 
    "10": {
        "Fc": 0.002465, 
        "Fo": -0.0048904, 
        "Fv": 0.0011114, 
        "I": [
            0.0, 
            0.0, 
            0.0, 
            0.0, 
            0.0, 
            0.0
        ], 
        "Im": -3.1e-06, 
        "K": 0.001873, 
        "m": 0.0, 
        "r": [
            0.0, 
            0.0, 
            0.0
        ]
    }, 
    "11": {
        "Fc": 0.0069935, 
        "Fo": 0.1329238, 
        "Fv": 0.012171, 
        "I": [
            0.0, 
            0.0, 
            0.0, 
            0.0, 
            0.0, 
            0.0
        ], 
        "Im": -0.0006152, 
        "K": 0.0, 
        "m": 0.0, 
        "r": [
            0.0, 
            0.0, 
            0.0
        ]
    }, 
    "12": {
        "Fc": 0.0007803, 
        "Fo": 0.0777171, 
        "Fv": 0.0020153, 
        "I": [
            0.0, 
            0.0, 
            0.0, 
            0.0, 
            0.0, 
            0.0
        ], 
        "Im": 0.0, 
        "K": 0.0, 
        "m": 0.0, 
        "r": [
            0.0, 
            0.0, 
            0.0
        ]
    }, 
    "13": {
        "Fc": 0.0021698, 
        "Fo": 0.0561429, 
        "Fv": 0.0022465, 
        "I": [
            0.0, 
            0.0, 
            0.0, 
            0.0, 
            0.0, 
            0.0
        ], 
        "Im": 0.0, 
        "K": 0.0, 
        "m": 0.0, 
        "r": [
            0.0, 
            0.0, 
            0.0
        ]
    }, 
    "14": {
        "Fc": 0.0062966, 
        "Fo": -0.1661489, 
        "Fv": 0.006165, 
        "I": [
            0.0, 
            0.0, 
            0.0, 
            0.0, 
            0.0, 
            0.0
        ], 
        "Im": -0.0002932, 
        "K": 0.0, 
        "m": 0.0, 
        "r": [
            0.0, 
            0.0, 
            0.0
        ]
    }, 
    "15": {
        "Fc": 0.0061915, 
        "Fo": -0.0169157, 
        "Fv": 0.0073884, 
        "I": [
            0.0, 
            0.0, 
            0.0, 
            0.0, 
            0.0, 
            0.0
        ], 
        "Im": -0.0003634, 
        "K": 0.0, 
        "m": 0.0, 
        "r": [
            0.0, 
            0.0, 
            0.0
        ]
    }, 
    "16": {
        "Fc": 0.0001049, 
        "Fo": -0.0458516, 
        "Fv": 0.0034451, 
        "I": [
            0.0, 
            0.0, 
            0.0, 
            0.0, 
            0.0, 
            0.0
        ], 
        "Im": 0.0, 
        "K": 0.0, 
        "m": 0.0, 
        "r": [
            0.0, 
            0.0, 
            0.0
        ]
    }, 
    "2": {
        "Fc": 0.0668202, 
        "Fo": 0.1419199, 
        "Fv": 0.2180617, 
        "I": [
            0.0044209, 
            0.0090817, 
            -0.0040484, 
            0.0235898, 
            0.0015899, 
            0.0265699
        ], 
        "Im": 0.0, 
        "K": 0.0, 
        "m": 10.0001371, 
        "r": [
            0.0110856, 
            0.0195141, 
            -0.0721861
        ]
    }, 
    "3": {
        "Fc": 0.0, 
        "Fo": 0.0, 
        "Fv": 0.0, 
        "I": [
            0.0, 
            0.0, 
            0.0, 
            0.0, 
            0.0, 
            0.0
        ], 
        "Im": 0.0, 
        "K": 0.0, 
        "m": 0.0, 
        "r": [
            0.0, 
            0.0, 
            0.0
        ]
    }, 
    "4": {
        "Fc": 0.0, 
        "Fo": 0.0, 
        "Fv": 0.0, 
        "I": [
            90.0948873, 
            2.4e-05, 
            4e-07, 
            3.61e-05, 
            2.87e-05, 
            90.0948874
        ], 
        "Im": 0.0, 
        "K": 0.0, 
        "m": 2.956747, 
        "r": [
            -0.0173905, 
            0.1752131, 
            -0.0199989
        ]
    }, 
    "5": {
        "Fc": 0.0, 
        "Fo": 0.0, 
        "Fv": 0.0, 
        "I": [
            37.04596, 
            1e-07, 
            0.0, 
            3.69e-05, 
            -2e-07, 
            37.04596
        ], 
        "Im": 0.0, 
        "K": 0.0, 
        "m": 0.4796773, 
        "r": [
            -0.0299994, 
            0.2978392, 
            0.030008
        ]
    }, 
    "6": {
        "Fc": 0.0, 
        "Fo": 0.0, 
        "Fv": 0.0, 
        "I": [
            6.94e-05, 
            -3.59e-05, 
            -1.2e-05, 
            2.56e-05, 
            -2.07e-05, 
            8.04e-05
        ], 
        "Im": 0.0, 
        "K": 0.0, 
        "m": 0.1000014, 
        "r": [
            0.0293552, 
            -7e-07, 
            -0.0500018
        ]
    }, 
    "7": {
        "Fc": 0.0, 
        "Fo": 0.0, 
        "Fv": 0.0, 
        "I": [
            6.96e-05, 
            -3.58e-05, 
            -1.19e-05, 
            2.61e-05, 
            -2.06e-05, 
            8.04e-05
        ], 
        "Im": 0.0, 
        "K": 0.0, 
        "m": 0.5000069, 
        "r": [
            -0.02, 
            0.0455733, 
            -0.1400001
        ]
    }, 
    "8": {
        "Fc": 0.4475953, 
        "Fo": 0.0038872, 
        "Fv": 1.2035645, 
        "I": [
            6.9e-05, 
            -3.58e-05, 
            -1.2e-05, 
            2.54e-05, 
            -2.07e-05, 
            8.02e-05
        ], 
        "Im": 0.0, 
        "K": 0.0, 
        "m": 0.3630268, 
        "r": [
            -0.0199936, 
            -0.0199883, 
            0.0995037
        ]
    }, 
    "9": {
        "Fc": 0.0, 
        "Fo": 0.0, 
        "Fv": 0.0, 
        "I": [
            6.97e-05, 
            -3.6e-05, 
            -1.23e-05, 
            2.58e-05, 
            -2.11e-05, 
            8.07e-05
        ], 
        "Im": 0.0, 
        "K": 0.0, 
        "m": 0.3499395, 
        "r": [
            -0.018457, 
            -0.0260167, 
            -0.0994826
        ]
    }
}