{
    "1": {
        "Fc": 0.0497794, 
        "Fo": -0.3000002, 
        "Fv": 0.0902387, 
        "I": [
            0.4013661, 
            0.0, 
            0.0888111, 
            9e-07, 
            0.0, 
            0.7218164
        ], 
        "Im": 0.0, 
        "K": 0.0, 
        "m": 2.5219567, 
        "r": [
            -0.0044271, 
            0.0, 
            0.0444444
        ]
    }, 
    "10": {
        "Fc": 0.002465, 
        "Fo": -0.0048903, 
        "Fv": 0.0011114, 
        "I": [
            0.0, 
            0.0, 
            0.0, 
            0.0, 
            0.0, 
            0.0
        ], 
        "Im": -3.1e-06, 
        "K": 0.0018731, 
        "m": 0.0, 
        "r": [
            0.0, 
            0.0, 
            0.0
        ]
    }, 
    "11": {
        "Fc": 0.0069935, 
        "Fo": -0.0274582, 
        "Fv": 0.0121661, 
        "I": [
            0.0, 
            0.0, 
            0.0, 
            0.0, 
            0.0, 
            0.0
        ], 
        "Im": -0.0006128, 
        "K": 0.0, 
        "m": 0.0, 
        "r": [
            0.0, 
            0.0, 
            0.0
        ]
    }, 
    "12": {
        "Fc": 0.0008105, 
        "Fo": -0.0292251, 
        "Fv": 0.0019868, 
        "I": [
            0.0, 
            0.0, 
            0.0, 
            0.0, 
            0.0, 
            0.0
        ], 
        "Im": 0.0, 
        "K": 0.0, 
        "m": 0.0, 
        "r": [
            0.0, 
            0.0, 
            0.0
        ]
    }, 
    "13": {
        "Fc": 0.0021673, 
        "Fo": -0.0335969, 
        "Fv": 0.0022489, 
        "I": [
            0.0, 
            0.0, 
            0.0, 
            0.0, 
            0.0, 
            0.0
        ], 
        "Im": 0.0, 
        "K": 0.0, 
        "m": 0.0, 
        "r": [
            0.0, 
            0.0, 
            0.0
        ]
    }, 
    "14": {
        "Fc": 0.006292, 
        "Fo": -0.0072072, 
        "Fv": 0.0061753, 
        "I": [
            0.0, 
            0.0, 
            0.0, 
            0.0, 
            0.0, 
            0.0
        ], 
        "Im": -0.0002919, 
        "K": 0.0, 
        "m": 0.0, 
        "r": [
            0.0, 
            0.0, 
            0.0
        ]
    }, 
    "15": {
        "Fc": 0.0061973, 
        "Fo": 0.0636629, 
        "Fv": 0.0073812, 
        "I": [
            0.0, 
            0.0, 
            0.0, 
            0.0, 
            0.0, 
            0.0
        ], 
        "Im": -0.0003619, 
        "K": 0.0, 
        "m": 0.0, 
        "r": [
            0.0, 
            0.0, 
            0.0
        ]
    }, 
    "16": {
        "Fc": 0.0001282, 
        "Fo": -0.0222792, 
        "Fv": 0.0034259, 
        "I": [
            0.0, 
            0.0, 
            0.0, 
            0.0, 
            0.0, 
            0.0
        ], 
        "Im": 0.0, 
        "K": 0.0, 
        "m": 0.0, 
        "r": [
            0.0, 
            0.0, 
            0.0
        ]
    }, 
    "2": {
        "Fc": 0.0663311, 
        "Fo": 0.1363762, 
        "Fv": 0.2191268, 
        "I": [
            0.0012452, 
            0.0056469, 
            0.0040833, 
            0.0264922, 
            0.0148758, 
            0.0288254
        ], 
        "Im": 0.0, 
        "K": 0.0, 
        "m": 10.0000091, 
        "r": [
            0.0078323, 
            0.0143736, 
            -0.0707492
        ]
    }, 
    "3": {
        "Fc": 0.0, 
        "Fo": 0.0, 
        "Fv": 0.0, 
        "I": [
            0.0, 
            0.0, 
            0.0, 
            0.0, 
            0.0, 
            0.0
        ], 
        "Im": 0.0, 
        "K": 0.0, 
        "m": 0.0, 
        "r": [
            0.0, 
            0.0, 
            0.0
        ]
    }, 
    "4": {
        "Fc": 0.0, 
        "Fo": 0.0, 
        "Fv": 0.0, 
        "I": [
            10.9127043, 
            -5.79e-05, 
            0.5758097, 
            1.3e-06, 
            -3.5e-06, 
            11.4921439
        ], 
        "Im": 0.0, 
        "K": 0.0, 
        "m": 0.977354, 
        "r": [
            0.0250419, 
            0.3994813, 
            -0.0199995
        ]
    }, 
    "5": {
        "Fc": 0.0, 
        "Fo": 0.0, 
        "Fv": 0.0, 
        "I": [
            4.913184, 
            -2.14e-05, 
            1.1061956, 
            1e-06, 
            5.93e-05, 
            6.5199242
        ], 
        "Im": 0.0, 
        "K": 0.0, 
        "m": 1.9806435, 
        "r": [
            -0.0203314, 
            0.4, 
            -0.0299998
        ]
    }, 
    "6": {
        "Fc": 0.0, 
        "Fo": 0.0, 
        "Fv": 0.0, 
        "I": [
            6e-07, 
            1e-07, 
            0.0, 
            9e-07, 
            1e-07, 
            1.3e-06
        ], 
        "Im": 0.0, 
        "K": 0.0, 
        "m": 0.1000001, 
        "r": [
            -0.0299999, 
            0.05, 
            -0.0499999
        ]
    }, 
    "7": {
        "Fc": 0.0, 
        "Fo": 0.0, 
        "Fv": 0.0, 
        "I": [
            3.34e-05, 
            0.0001752, 
            -1.63e-05, 
            0.0009639, 
            -0.0001334, 
            0.0001979
        ], 
        "Im": 0.0, 
        "K": 0.0, 
        "m": 0.1218537, 
        "r": [
            -0.0599661, 
            0.05, 
            -0.14
        ]
    }, 
    "8": {
        "Fc": 0.4483405, 
        "Fo": 0.0156791, 
        "Fv": 1.1988608, 
        "I": [
            1.3e-06, 
            -1e-07, 
            0.0, 
            1e-06, 
            -1e-07, 
            1.2e-06
        ], 
        "Im": 0.0, 
        "K": 0.0, 
        "m": 0.3625351, 
        "r": [
            -0.02, 
            0.0199999, 
            0.099957
        ]
    }, 
    "9": {
        "Fc": 0.0, 
        "Fo": 0.0, 
        "Fv": 0.0, 
        "I": [
            1.5e-06, 
            -1e-07, 
            0.0, 
            1e-06, 
            0.0, 
            1e-06
        ], 
        "Im": 0.0, 
        "K": 0.0, 
        "m": 0.3479784, 
        "r": [
            -0.0199072, 
            0.0125812, 
            -0.0999548
        ]
    }
}