{
    "1": {
        "Fc": 0.04977940378116928, 
        "Fo": -0.3000001634954722, 
        "Fv": 0.09023870922592624, 
        "I": [
            0.40136606171849043, 
            3.390123287492426e-18, 
            0.08881105505042038, 
            9.475299082729177e-07, 
            -2.3273174371685267e-19, 
            0.721816357308358
        ], 
        "Im": 0.0, 
        "K": 0.0, 
        "m": 2.521956677217322, 
        "r": [
            -0.004427109836135945, 
            -4.088575623852078e-21, 
            0.04444435188012295
        ]
    }, 
    "10": {
        "Fc": 0.0024649957749575254, 
        "Fo": -0.004890300174116703, 
        "Fv": 0.0011113831967717298, 
        "I": [
            0.0, 
            0.0, 
            0.0, 
            0.0, 
            0.0, 
            0.0
        ], 
        "Im": -3.0968400215139537e-06, 
        "K": 0.0018730714785720815, 
        "m": 0.0, 
        "r": [
            0.0, 
            0.0, 
            0.0
        ]
    }, 
    "11": {
        "Fc": 0.0069935259162357995, 
        "Fo": -0.027458215601958137, 
        "Fv": 0.012166065695264239, 
        "I": [
            0.0, 
            0.0, 
            0.0, 
            0.0, 
            0.0, 
            0.0
        ], 
        "Im": -0.0006127514178192655, 
        "K": 0.0, 
        "m": 0.0, 
        "r": [
            0.0, 
            0.0, 
            0.0
        ]
    }, 
    "12": {
        "Fc": 0.0008104909015687474, 
        "Fo": -0.029225116936880815, 
        "Fv": 0.0019867669783671105, 
        "I": [
            0.0, 
            0.0, 
            0.0, 
            0.0, 
            0.0, 
            0.0
        ], 
        "Im": 0.0, 
        "K": 0.0, 
        "m": 0.0, 
        "r": [
            0.0, 
            0.0, 
            0.0
        ]
    }, 
    "13": {
        "Fc": 0.002167326737833193, 
        "Fo": -0.03359692716849343, 
        "Fv": 0.002248861754135903, 
        "I": [
            0.0, 
            0.0, 
            0.0, 
            0.0, 
            0.0, 
            0.0
        ], 
        "Im": 0.0, 
        "K": 0.0, 
        "m": 0.0, 
        "r": [
            0.0, 
            0.0, 
            0.0
        ]
    }, 
    "14": {
        "Fc": 0.0062920107175047915, 
        "Fo": -0.007207153322417477, 
        "Fv": 0.006175305055521955, 
        "I": [
            0.0, 
            0.0, 
            0.0, 
            0.0, 
            0.0, 
            0.0
        ], 
        "Im": -0.0002919227162439885, 
        "K": 0.0, 
        "m": 0.0, 
        "r": [
            0.0, 
            0.0, 
            0.0
        ]
    }, 
    "15": {
        "Fc": 0.006197293240171583, 
        "Fo": 0.06366292852334395, 
        "Fv": 0.007381234798637763, 
        "I": [
            0.0, 
            0.0, 
            0.0, 
            0.0, 
            0.0, 
            0.0
        ], 
        "Im": -0.00036187100972004426, 
        "K": 0.0, 
        "m": 0.0, 
        "r": [
            0.0, 
            0.0, 
            0.0
        ]
    }, 
    "16": {
        "Fc": 0.00012822141499693485, 
        "Fo": -0.022279224672201333, 
        "Fv": 0.003425873013180233, 
        "I": [
            0.0, 
            0.0, 
            0.0, 
            0.0, 
            0.0, 
            0.0
        ], 
        "Im": 0.0, 
        "K": 0.0, 
        "m": 0.0, 
        "r": [
            0.0, 
            0.0, 
            0.0
        ]
    }, 
    "2": {
        "Fc": 0.06633105616341493, 
        "Fo": 0.13637616025548713, 
        "Fv": 0.21912677908528366, 
        "I": [
            0.0012452297898546197, 
            0.005646891754596057, 
            0.004083250643815594, 
            0.02649218180965751, 
            0.014875831947588895, 
            0.02882536028236076
        ], 
        "Im": 0.0, 
        "K": 0.0, 
        "m": 10.000009091185074, 
        "r": [
            0.00783231551680196, 
            0.014373622479263088, 
            -0.07074919020105283
        ]
    }, 
    "3": {
        "Fc": 0.0, 
        "Fo": 0.0, 
        "Fv": 0.0, 
        "I": [
            0.0, 
            0.0, 
            0.0, 
            0.0, 
            0.0, 
            0.0
        ], 
        "Im": 0.0, 
        "K": 0.0, 
        "m": 0.0, 
        "r": [
            0.0, 
            0.0, 
            0.0
        ]
    }, 
    "4": {
        "Fc": 0.0, 
        "Fo": 0.0, 
        "Fv": 0.0, 
        "I": [
            10.912704280385405, 
            -5.7923817809344205e-05, 
            0.5758096614718068, 
            1.2550126369458795e-06, 
            -3.493017064115124e-06, 
            11.492143913878815
        ], 
        "Im": 0.0, 
        "K": 0.0, 
        "m": 0.9773540468143058, 
        "r": [
            0.02504190794690437, 
            0.39948129425239826, 
            -0.01999952914877372
        ]
    }, 
    "5": {
        "Fc": 0.0, 
        "Fo": 0.0, 
        "Fv": 0.0, 
        "I": [
            4.913183967653953, 
            -2.1353641777729915e-05, 
            1.1061956034907492, 
            1.0102217056309239e-06, 
            5.929424345165607e-05, 
            6.519924195190831
        ], 
        "Im": 0.0, 
        "K": 0.0, 
        "m": 1.9806435363041892, 
        "r": [
            -0.020331363151466844, 
            0.3999999990545793, 
            -0.02999978405781528
        ]
    }, 
    "6": {
        "Fc": 0.0, 
        "Fo": 0.0, 
        "Fv": 0.0, 
        "I": [
            5.609526059456582e-07, 
            7.062003521416185e-08, 
            4.602035931508346e-08, 
            9.166734641712602e-07, 
            1.0073012269033645e-07, 
            1.3258426781694228e-06
        ], 
        "Im": 0.0, 
        "K": 0.0, 
        "m": 0.10000008724537944, 
        "r": [
            -0.029999907126713, 
            0.04999996038484077, 
            -0.049999863711487666
        ]
    }, 
    "7": {
        "Fc": 0.0, 
        "Fo": 0.0, 
        "Fv": 0.0, 
        "I": [
            3.3366423066199646e-05, 
            0.00017517356384623797, 
            -1.634707870245785e-05, 
            0.0009638614440265082, 
            -0.00013342890038586666, 
            0.00019786170299749281
        ], 
        "Im": 0.0, 
        "K": 0.0, 
        "m": 0.12185372858101257, 
        "r": [
            -0.05996606489898461, 
            0.049999994746545796, 
            -0.14000000893598855
        ]
    }, 
    "8": {
        "Fc": 0.44834050067474795, 
        "Fo": 0.015679061330433338, 
        "Fv": 1.1988608165607308, 
        "I": [
            1.2547100102502581e-06, 
            -5.666210102777281e-08, 
            -2.3711019836035636e-08, 
            9.913142672273584e-07, 
            -1.0574840011805513e-07, 
            1.2240795859764e-06
        ], 
        "Im": 0.0, 
        "K": 0.0, 
        "m": 0.3625350968948193, 
        "r": [
            -0.019999965089361357, 
            0.019999930761780523, 
            0.099957046838595
        ]
    }, 
    "9": {
        "Fc": 0.0, 
        "Fo": 0.0, 
        "Fv": 0.0, 
        "I": [
            1.5205281857135627e-06, 
            -1.0387483251355538e-07, 
            -3.676261683223034e-08, 
            1.0107455832024555e-06, 
            -4.721257111216931e-08, 
            1.0348106829875814e-06
        ], 
        "Im": 0.0, 
        "K": 0.0, 
        "m": 0.34797836272836674, 
        "r": [
            -0.019907151971808198, 
            0.012581177206627969, 
            -0.09995477139170374
        ]
    }
}