{
    "1": {
        "Fc": 0.0508872, 
        "Fo": 0.0, 
        "Fv": 0.0935303, 
        "I": [
            8.2011196, 
            0.0, 
            0.0, 
            0.0005611, 
            0.0, 
            8.2011196
        ], 
        "Im": 0.0, 
        "K": -8e-07, 
        "m": 10.0000006, 
        "r": [
            -0.0092624, 
            0.0, 
            -0.0014549
        ]
    }, 
    "10": {
        "Fc": 0.0016013, 
        "Fo": 0.0, 
        "Fv": 0.0014838, 
        "I": [
            0.0, 
            0.0, 
            0.0, 
            0.0, 
            0.0, 
            0.0
        ], 
        "Im": 0.0, 
        "K": 0.0016769, 
        "m": 0.0, 
        "r": [
            0.0, 
            0.0, 
            0.0
        ]
    }, 
    "11": {
        "Fc": 0.0172528, 
        "Fo": 0.0, 
        "Fv": 0.0006897, 
        "I": [
            0.0, 
            0.0, 
            0.0, 
            0.0, 
            0.0, 
            0.0
        ], 
        "Im": 0.0, 
        "K": 0.0, 
        "m": 0.0, 
        "r": [
            0.0, 
            0.0, 
            0.0
        ]
    }, 
    "12": {
        "Fc": 0.0032995, 
        "Fo": 0.0, 
        "Fv": 0.0006062, 
        "I": [
            0.0, 
            0.0, 
            0.0, 
            0.0, 
            0.0, 
            0.0
        ], 
        "Im": 0.0, 
        "K": 0.0, 
        "m": 0.0, 
        "r": [
            0.0, 
            0.0, 
            0.0
        ]
    }, 
    "13": {
        "Fc": -0.0022693, 
        "Fo": 0.0, 
        "Fv": 0.0048682, 
        "I": [
            0.0, 
            0.0, 
            0.0, 
            0.0, 
            0.0, 
            0.0
        ], 
        "Im": 0.0, 
        "K": 0.0, 
        "m": 0.0, 
        "r": [
            0.0, 
            0.0, 
            0.0
        ]
    }, 
    "14": {
        "Fc": 0.0047044, 
        "Fo": 0.0, 
        "Fv": 0.006987, 
        "I": [
            0.0, 
            0.0, 
            0.0, 
            0.0, 
            0.0, 
            0.0
        ], 
        "Im": 0.0, 
        "K": 0.0, 
        "m": 0.0, 
        "r": [
            0.0, 
            0.0, 
            0.0
        ]
    }, 
    "15": {
        "Fc": 0.0092538, 
        "Fo": 0.0, 
        "Fv": 0.0067696, 
        "I": [
            0.0, 
            0.0, 
            0.0, 
            0.0, 
            0.0, 
            0.0
        ], 
        "Im": 0.0, 
        "K": 0.0, 
        "m": 0.0, 
        "r": [
            0.0, 
            0.0, 
            0.0
        ]
    }, 
    "2": {
        "Fc": 0.0622361, 
        "Fo": 0.0, 
        "Fv": 0.2195472, 
        "I": [
            0.1296081, 
            0.0068376, 
            0.0113703, 
            0.1413338, 
            0.0373726, 
            0.0564326
        ], 
        "Im": 0.0, 
        "K": -1.15e-05, 
        "m": 10.0000007, 
        "r": [
            0.0116413, 
            0.0008093, 
            -0.0212729
        ]
    }, 
    "3": {
        "Fc": 0.0, 
        "Fo": 0.0, 
        "Fv": 0.0, 
        "I": [
            0.0, 
            0.0, 
            0.0, 
            0.0, 
            0.0, 
            0.0
        ], 
        "Im": 0.0, 
        "K": 0.0, 
        "m": 0.0, 
        "r": [
            0.0, 
            0.0, 
            0.0
        ]
    }, 
    "4": {
        "Fc": 0.0, 
        "Fo": 0.0, 
        "Fv": 0.0, 
        "I": [
            0.0, 
            0.0, 
            0.0, 
            0.0, 
            0.0, 
            0.0
        ], 
        "Im": 0.0, 
        "K": 0.0, 
        "m": 0.0, 
        "r": [
            0.0, 
            0.0, 
            0.0
        ]
    }, 
    "5": {
        "Fc": 0.0, 
        "Fo": 0.0, 
        "Fv": 0.0, 
        "I": [
            181.2724118, 
            2.1e-06, 
            -3e-07, 
            0.0005632, 
            -1e-07, 
            181.2724119
        ], 
        "Im": 0.0, 
        "K": 0.0, 
        "m": 0.0200085, 
        "r": [
            -0.0242951, 
            0.4, 
            0.0218917
        ]
    }, 
    "6": {
        "Fc": 0.0, 
        "Fo": 0.0, 
        "Fv": 0.0, 
        "I": [
            0.004651, 
            -0.0010484, 
            -0.000445, 
            0.0013206, 
            -0.0014163, 
            0.0038925
        ], 
        "Im": 0.0, 
        "K": 0.0, 
        "m": 0.1000031, 
        "r": [
            -0.0294182, 
            0.0018947, 
            -0.0491814
        ]
    }, 
    "7": {
        "Fc": 0.0, 
        "Fo": 0.0, 
        "Fv": 0.0, 
        "I": [
            0.0, 
            0.0, 
            0.0, 
            0.0, 
            0.0, 
            0.0
        ], 
        "Im": 0.0, 
        "K": 0.0, 
        "m": 0.0, 
        "r": [
            0.0, 
            0.0, 
            0.0
        ]
    }, 
    "8": {
        "Fc": 0.4473608, 
        "Fo": 0.0, 
        "Fv": 1.1805283, 
        "I": [
            0.0045528, 
            -0.0010418, 
            -0.0004486, 
            0.0012348, 
            -0.0014521, 
            0.0038738
        ], 
        "Im": 0.0, 
        "K": 0.0, 
        "m": 0.3610822, 
        "r": [
            -0.0191889, 
            -0.0173214, 
            0.1013446
        ]
    }, 
    "9": {
        "Fc": 0.0, 
        "Fo": 0.0, 
        "Fv": 0.0, 
        "I": [
            0.0045825, 
            -0.0010443, 
            -0.0004524, 
            0.00126, 
            -0.0014407, 
            0.0038819
        ], 
        "Im": 0.0, 
        "K": 0.0, 
        "m": 0.3483674, 
        "r": [
            -0.0196947, 
            0.0214411, 
            -0.1001818
        ]
    }
}