{
    "1": {
        "Fc": 0.03258502375111779, 
        "Fo": -0.04382295100576996, 
        "Fv": 0.06709855196633813, 
        "I": [
            4.197955526006666, 
            2.83587588081589e-14, 
            -1.7237647483555537e-22, 
            4.197955526006605, 
            -2.3091329819220265e-16, 
            1.4888933482044145e-06
        ], 
        "Im": 0.0, 
        "K": 0.0, 
        "m": 3.8750752063945746, 
        "r": [
            -2.7996144137588505e-23, 
            5.800270467437199e-18, 
            0.15984589785456466
        ]
    }, 
    "10": {
        "Fc": 0.018811095278641003, 
        "Fo": 0.151376675358239, 
        "Fv": 0.004586999993300302, 
        "I": [
            0.0, 
            0.0, 
            0.0, 
            0.0, 
            0.0, 
            0.0
        ], 
        "Im": -0.0006045329870667521, 
        "K": 0.0, 
        "m": 0.0, 
        "r": [
            0.0, 
            0.0, 
            0.0
        ]
    }, 
    "2": {
        "Fc": 0.03219694585559864, 
        "Fo": -0.3000010893880662, 
        "Fv": 0.0940675744493888, 
        "I": [
            0.012295422110389954, 
            -0.0029988180006645026, 
            -0.00045270362380909037, 
            0.0007390869194906398, 
            -9.32653316272165e-05, 
            0.003345985370468865
        ], 
        "Im": 0.0, 
        "K": 0.0, 
        "m": 4.287152699833395, 
        "r": [
            -0.009504274117009272, 
            0.020847212462689262, 
            0.06352930167028441
        ]
    }, 
    "3": {
        "Fc": 0.0019399490430901548, 
        "Fo": 0.05567845943210602, 
        "Fv": 0.007810843173985383, 
        "I": [
            0.007965370207092022, 
            0.0001560614168473061, 
            0.014372474274506173, 
            -1.4153915287203056e-07, 
            0.0002827742941266822, 
            0.025940328980773225
        ], 
        "Im": 0.0, 
        "K": 0.0, 
        "m": 0.6156893934641653, 
        "r": [
            -0.1447067535743381, 
            -0.029997922141648828, 
            -0.030065113149487652
        ]
    }, 
    "4": {
        "Fc": 0.043112072376450566, 
        "Fo": -0.3000008294528142, 
        "Fv": 0.05713859716915351, 
        "I": [
            0.003468832837271994, 
            6.763033123363216e-05, 
            0.0062496123244358374, 
            -1.7993731271995217e-06, 
            0.0001229960378496333, 
            0.011266689192788875
        ], 
        "Im": 0.0, 
        "K": 0.0, 
        "m": 3.8695248623407648, 
        "r": [
            0.07892590992013615, 
            -0.0026227817060509857, 
            0.0026433423147559833
        ]
    }, 
    "5": {
        "Fc": 0.0019399490430901548, 
        "Fo": -0.05567845943210602, 
        "Fv": 0.007810843173985383, 
        "I": [
            0.01907943092951895, 
            -0.00467612724659736, 
            -0.0003380068017094101, 
            0.0011534349202191201, 
            -0.00011620752120045216, 
            0.003259658720274258
        ], 
        "Im": 0.0, 
        "K": 0.0, 
        "m": 1.0792877884607135, 
        "r": [
            -0.0200106659616713, 
            0.020000139309833447, 
            -0.04999899597059159
        ]
    }, 
    "6": {
        "Fc": 0.028504631873733356, 
        "Fo": -0.15139763103382936, 
        "Fv": 0.004753698888775265, 
        "I": [
            0.014421466540667286, 
            0.003278661894622951, 
            0.0006473598738868838, 
            0.01708160484224908, 
            0.001275399940213548, 
            -0.00017248272850698754
        ], 
        "Im": 0.0, 
        "K": 0.0, 
        "m": 0.26776495687711793, 
        "r": [
            -0.0004179218150821799, 
            -0.058981879511819026, 
            -0.15013701881987632
        ]
    }, 
    "7": {
        "Fc": 0.006956887665329505, 
        "Fo": -0.0028133689650183553, 
        "Fv": 0.0007050660465505257, 
        "I": [
            -0.0001421786599730625, 
            0.00018421735464576076, 
            0.0001306627147819638, 
            -0.0003453305141980916, 
            -5.1541448230589635e-05, 
            -0.0001360759192071514
        ], 
        "Im": 0.0, 
        "K": 274.02297980806026, 
        "m": 0.05687423779915213, 
        "r": [
            -0.007727675747424002, 
            -0.08423562989390788, 
            -0.09987789108675904
        ]
    }, 
    "8": {
        "Fc": 0.0018967153173026462, 
        "Fo": 0.00460580551564257, 
        "Fv": 0.0022835995439218037, 
        "I": [
            -0.00023689243855575448, 
            -5.535412836757498e-05, 
            -0.00014424986123286063, 
            -0.00022996989887328104, 
            -1.4729110832149421e-05, 
            9.820162992630929e-05
        ], 
        "Im": 0.0, 
        "K": 0.0, 
        "m": 0.04999838867550785, 
        "r": [
            0.06545213563810497, 
            0.0028399625862257655, 
            -0.08374557933946652
        ]
    }, 
    "9": {
        "Fc": 0.0011893374487990404, 
        "Fo": 0.00023166278198176276, 
        "Fv": 0.00010060313945317348, 
        "I": [
            -1.2784214307560884e-06, 
            8.253005143485996e-06, 
            -6.416112552949216e-06, 
            -0.0001300125952620701, 
            -8.557847785149348e-06, 
            -0.00013339931724414326
        ], 
        "Im": 0.0, 
        "K": 0.0, 
        "m": 0.019995430748742795, 
        "r": [
            0.09529934457421178, 
            0.0005255994518451216, 
            0.0007462430623815905
        ]
    }
}