{
    "1": {
        "Fc": 0.048851, 
        "Fo": -0.059371, 
        "Fv": 0.0490775, 
        "I": [
            20.0328015, 
            0.0, 
            0.0, 
            20.0328015, 
            0.0, 
            -8e-07
        ], 
        "Im": 0.0, 
        "K": 0.0, 
        "m": 7.9205524, 
        "r": [
            0.0, 
            0.0, 
            0.1475298
        ]
    }, 
    "10": {
        "Fc": 0.018664, 
        "Fo": 0.1490439, 
        "Fv": 0.0041764, 
        "I": [
            0.0, 
            0.0, 
            0.0, 
            0.0, 
            0.0, 
            0.0
        ], 
        "Im": -0.0004888, 
        "K": 0.0, 
        "m": 0.0, 
        "r": [
            0.0, 
            0.0, 
            0.0
        ]
    }, 
    "2": {
        "Fc": 0.0317147, 
        "Fo": -0.3000007, 
        "Fv": 0.0925067, 
        "I": [
            0.0191505, 
            -0.0029393, 
            -0.0003536, 
            0.0006272, 
            -0.0022588, 
            0.0192754
        ], 
        "Im": 0.0, 
        "K": 0.0, 
        "m": 10.9839011, 
        "r": [
            -0.0037064, 
            -0.0011631, 
            0.0282467
        ]
    }, 
    "3": {
        "Fc": 0.0018543, 
        "Fo": 0.0481495, 
        "Fv": 0.0091921, 
        "I": [
            0.0071813, 
            -0.0006232, 
            0.0117288, 
            0.0261615, 
            0.0003851, 
            0.019021
        ], 
        "Im": 0.0, 
        "K": 0.0, 
        "m": 0.8122158, 
        "r": [
            -0.1397595, 
            -0.0300011, 
            -0.030025
        ]
    }, 
    "4": {
        "Fc": 0.0432045, 
        "Fo": -0.3000007, 
        "Fv": 0.0619387, 
        "I": [
            0.0026841, 
            -0.0002349, 
            0.004443, 
            0.0098409, 
            0.0001459, 
            0.0071718
        ], 
        "Im": 0.0, 
        "K": 0.0, 
        "m": 10.0000001, 
        "r": [
            0.0301125, 
            -0.0033478, 
            0.0011687
        ]
    }, 
    "5": {
        "Fc": 0.0018543, 
        "Fo": -0.0481495, 
        "Fv": 0.0091921, 
        "I": [
            0.0191021, 
            -0.0029318, 
            -0.0003526, 
            0.0006262, 
            -0.002253, 
            0.0192267
        ], 
        "Im": 0.0, 
        "K": 0.0, 
        "m": 0.9964826, 
        "r": [
            -0.0200044, 
            0.0199996, 
            -0.0499997
        ]
    }, 
    "6": {
        "Fc": 0.0287844, 
        "Fo": -0.1492096, 
        "Fv": 0.0048418, 
        "I": [
            0.003407, 
            -3.49e-05, 
            0.000484, 
            0.0032076, 
            0.0011393, 
            -0.0002048
        ], 
        "Im": 0.0, 
        "K": 0.0, 
        "m": 0.2077769, 
        "r": [
            0.0006989, 
            -0.0673588, 
            -0.1500229
        ]
    }, 
    "7": {
        "Fc": 0.0069851, 
        "Fo": -0.0027382, 
        "Fv": 0.0006978, 
        "I": [
            -0.0005099, 
            0.0001881, 
            0.0001365, 
            -0.0003694, 
            6.68e-05, 
            -0.000479
        ], 
        "Im": 0.0, 
        "K": 270.942975, 
        "m": 0.0659998, 
        "r": [
            -0.0076644, 
            -0.099978, 
            -0.0924839
        ]
    }, 
    "8": {
        "Fc": 0.0018971, 
        "Fo": 0.0045929, 
        "Fv": 0.0022789, 
        "I": [
            -0.0001555, 
            -5.47e-05, 
            -0.000104, 
            -0.0002185, 
            -9.8e-06, 
            1.17e-05
        ], 
        "Im": 0.0, 
        "K": 0.0, 
        "m": 0.0499978, 
        "r": [
            0.0636551, 
            0.0028931, 
            -0.0732851
        ]
    }, 
    "9": {
        "Fc": 0.0011894, 
        "Fo": 0.0002319, 
        "Fv": 0.0001006, 
        "I": [
            -1.3e-06, 
            8.4e-06, 
            -6.4e-06, 
            -5.55e-05, 
            -8.5e-06, 
            -5.89e-05
        ], 
        "Im": 0.0, 
        "K": 0.0, 
        "m": 0.0199972, 
        "r": [
            0.1003794, 
            0.0005238, 
            0.0007459
        ]
    }
}