{
    "1": {
        "Fc": 0.032585, 
        "Fo": -0.043823, 
        "Fv": 0.0670986, 
        "I": [
            4.1979555, 
            0.0, 
            0.0, 
            4.1979555, 
            0.0, 
            1.5e-06
        ], 
        "Im": 0.0, 
        "K": 0.0, 
        "m": 3.8750752, 
        "r": [
            0.0, 
            0.0, 
            0.1598459
        ]
    }, 
    "10": {
        "Fc": 0.0188111, 
        "Fo": 0.1513767, 
        "Fv": 0.004587, 
        "I": [
            0.0, 
            0.0, 
            0.0, 
            0.0, 
            0.0, 
            0.0
        ], 
        "Im": -0.0006045, 
        "K": 0.0, 
        "m": 0.0, 
        "r": [
            0.0, 
            0.0, 
            0.0
        ]
    }, 
    "2": {
        "Fc": 0.0321969, 
        "Fo": -0.3000011, 
        "Fv": 0.0940676, 
        "I": [
            0.0122954, 
            -0.0029988, 
            -0.0004527, 
            0.0007391, 
            -9.33e-05, 
            0.003346
        ], 
        "Im": 0.0, 
        "K": 0.0, 
        "m": 4.2871527, 
        "r": [
            -0.0095043, 
            0.0208472, 
            0.0635293
        ]
    }, 
    "3": {
        "Fc": 0.0019399, 
        "Fo": 0.0556785, 
        "Fv": 0.0078108, 
        "I": [
            0.0079654, 
            0.0001561, 
            0.0143725, 
            -1e-07, 
            0.0002828, 
            0.0259403
        ], 
        "Im": 0.0, 
        "K": 0.0, 
        "m": 0.6156894, 
        "r": [
            -0.1447068, 
            -0.0299979, 
            -0.0300651
        ]
    }, 
    "4": {
        "Fc": 0.0431121, 
        "Fo": -0.3000008, 
        "Fv": 0.0571386, 
        "I": [
            0.0034688, 
            6.76e-05, 
            0.0062496, 
            -1.8e-06, 
            0.000123, 
            0.0112667
        ], 
        "Im": 0.0, 
        "K": 0.0, 
        "m": 3.8695249, 
        "r": [
            0.0789259, 
            -0.0026228, 
            0.0026433
        ]
    }, 
    "5": {
        "Fc": 0.0019399, 
        "Fo": -0.0556785, 
        "Fv": 0.0078108, 
        "I": [
            0.0190794, 
            -0.0046761, 
            -0.000338, 
            0.0011534, 
            -0.0001162, 
            0.0032597
        ], 
        "Im": 0.0, 
        "K": 0.0, 
        "m": 1.0792878, 
        "r": [
            -0.0200107, 
            0.0200001, 
            -0.049999
        ]
    }, 
    "6": {
        "Fc": 0.0285046, 
        "Fo": -0.1513976, 
        "Fv": 0.0047537, 
        "I": [
            0.0144215, 
            0.0032787, 
            0.0006474, 
            0.0170816, 
            0.0012754, 
            -0.0001725
        ], 
        "Im": 0.0, 
        "K": 0.0, 
        "m": 0.267765, 
        "r": [
            -0.0004179, 
            -0.0589819, 
            -0.150137
        ]
    }, 
    "7": {
        "Fc": 0.0069569, 
        "Fo": -0.0028134, 
        "Fv": 0.0007051, 
        "I": [
            -0.0001422, 
            0.0001842, 
            0.0001307, 
            -0.0003453, 
            -5.15e-05, 
            -0.0001361
        ], 
        "Im": 0.0, 
        "K": 274.0229798, 
        "m": 0.0568742, 
        "r": [
            -0.0077277, 
            -0.0842356, 
            -0.0998779
        ]
    }, 
    "8": {
        "Fc": 0.0018967, 
        "Fo": 0.0046058, 
        "Fv": 0.0022836, 
        "I": [
            -0.0002369, 
            -5.54e-05, 
            -0.0001442, 
            -0.00023, 
            -1.47e-05, 
            9.82e-05
        ], 
        "Im": 0.0, 
        "K": 0.0, 
        "m": 0.0499984, 
        "r": [
            0.0654521, 
            0.00284, 
            -0.0837456
        ]
    }, 
    "9": {
        "Fc": 0.0011893, 
        "Fo": 0.0002317, 
        "Fv": 0.0001006, 
        "I": [
            -1.3e-06, 
            8.3e-06, 
            -6.4e-06, 
            -0.00013, 
            -8.6e-06, 
            -0.0001334
        ], 
        "Im": 0.0, 
        "K": 0.0, 
        "m": 0.0199954, 
        "r": [
            0.0952993, 
            0.0005256, 
            0.0007462
        ]
    }
}