{
    "1": {
        "Fc": 0.0527431, 
        "Fo": 0.0, 
        "Fv": 0.0602643, 
        "I": [
            9.7538305, 
            0.0, 
            0.0, 
            9.7538305, 
            0.0, 
            2.2e-06
        ], 
        "Im": 0.0, 
        "K": 0.3079577, 
        "m": 7.8803346, 
        "r": [
            0.0, 
            0.0, 
            0.1055763
        ]
    }, 
    "2": {
        "Fc": 0.0327126, 
        "Fo": 0.0, 
        "Fv": 0.0832541, 
        "I": [
            0.0144276, 
            -0.0045965, 
            0.0015879, 
            0.0029862, 
            0.0043562, 
            0.0145921
        ], 
        "Im": 0.0, 
        "K": 0.0, 
        "m": 11.010124, 
        "r": [
            0.0026651, 
            0.0182476, 
            0.0329511
        ]
    }, 
    "3": {
        "Fc": 0.0009918, 
        "Fo": 0.0, 
        "Fv": 0.001004, 
        "I": [
            0.0070919, 
            9.54e-05, 
            1.12e-05, 
            -5.78e-05, 
            -0.0002432, 
            0.0071302
        ], 
        "Im": 0.0, 
        "K": 0.0, 
        "m": 0.7108245, 
        "r": [
            -0.1246864, 
            -0.03, 
            -0.0301263
        ]
    }, 
    "4": {
        "Fc": 0.0594039, 
        "Fo": 0.0, 
        "Fv": 0.1044564, 
        "I": [
            0.0056199, 
            7.61e-05, 
            1.02e-05, 
            -5.92e-05, 
            -0.000193, 
            0.00566
        ], 
        "Im": 0.0, 
        "K": 0.0, 
        "m": 8.437437, 
        "r": [
            0.0485968, 
            0.0472089, 
            -0.0018937
        ]
    }, 
    "5": {
        "Fc": 0.0009918, 
        "Fo": 0.0, 
        "Fv": 0.001004, 
        "I": [
            0.014915, 
            -0.0047515, 
            0.00164, 
            0.0030897, 
            0.0045029, 
            0.0150852
        ], 
        "Im": 0.0, 
        "K": 0.0, 
        "m": 2.0000074, 
        "r": [
            -0.020011, 
            0.0200001, 
            -0.0499975
        ]
    }, 
    "6": {
        "Fc": 0.0419278, 
        "Fo": 0.0, 
        "Fv": 0.0075698, 
        "I": [
            0.0111662, 
            -0.0006578, 
            0.0031847, 
            0.0115289, 
            0.0018304, 
            -0.000899
        ], 
        "Im": 0.0, 
        "K": 0.0012259, 
        "m": 0.0887525, 
        "r": [
            0.0305805, 
            -0.0354029, 
            -0.1511033
        ]
    }, 
    "7": {
        "Fc": 0.0080257, 
        "Fo": 0.0, 
        "Fv": 0.0011775, 
        "I": [
            -0.0007575, 
            1.35e-05, 
            0.0004676, 
            -0.0009428, 
            -0.0001602, 
            -0.001969
        ], 
        "Im": 0.0, 
        "K": -0.001853, 
        "m": 0.2374334, 
        "r": [
            -0.0232866, 
            -0.0542025, 
            -0.0001756
        ]
    }, 
    "8": {
        "Fc": 0.0029644, 
        "Fo": 0.0, 
        "Fv": 0.0008942, 
        "I": [
            0.0001109, 
            -6.66e-05, 
            0.0001253, 
            0.0002319, 
            0.0002693, 
            -6.65e-05
        ], 
        "Im": 0.0, 
        "K": 0.0007937, 
        "m": 0.0499827, 
        "r": [
            0.0887102, 
            0.0130951, 
            -0.0396306
        ]
    }, 
    "9": {
        "Fc": 0.0011279, 
        "Fo": 0.0, 
        "Fv": 0.0001109, 
        "I": [
            -5e-07, 
            -2e-07, 
            -4.3e-06, 
            -0.0001321, 
            -8.8e-06, 
            -0.0001197
        ], 
        "Im": 0.0, 
        "K": 0.0, 
        "m": 0.0199821, 
        "r": [
            0.0403049, 
            0.0010501, 
            0.0004727
        ]
    }
}